Serial No.,Adapter Plate Size,Displacement Size,Flange Size,ALL_Test_Type
140815MOT0142,101,201,301,401
140815MOT0143,102,202,302,402
140815MOT0144,103,203,303,403
140815MOT0145,104,204,304,404
140815MOT0146,105,205,305,405
140815MOT0147,106,206,306,406
140815MOT0148,107,207,307,407
140815MOT0149,108,208,308,408
140815MOT0150,109,209,309,409
140815MOT0151,110,210,310,410
140815MOT0152,111,211,311,411
140815MOT0153,112,212,312,412
140815MOT0154,113,213,313,413
140815MOT0155,114,214,314,414
140815MOT0156,115,215,315,415
140815MOT0157,116,216,316,416
140815MOT0158,117,217,317,417
140815MOT0159,118,218,318,418
140815MOT0160,119,219,319,419
140815MOT0161,120,220,320,420
140815MOT0162,121,221,321,421
140815MOT0163,122,222,322,422
140815MOT0164,123,223,323,423
140815MOT0165,124,224,324,424
140815MOT0166,125,225,325,425
1234ABCD12366,126,226,326,426
1234ABCD12367,127,227,327,427
1234ABCD12368,128,228,328,428
1234ABCD12369,129,229,329,429
1234ABCD12370,130,230,330,430
1234ABCD12371,131,231,331,431
1234ABCD12372,132,232,332,432
1234ABCD12373,133,233,333,433
1234ABCD12374,134,234,334,434
1234ABCD12375,135,235,335,435
1234ABCD12376,136,236,336,436
1234ABCD12377,137,237,337,437
1234ABCD12378,138,238,338,438
1234ABCD12379,139,239,339,439
1234ABCD12380,140,240,340,440
1234ABCD12381,141,241,341,441
1234ABCD12382,142,242,342,442
1234ABCD12383,143,243,343,443
1234ABCD12384,144,244,344,444
1234ABCD12385,145,245,345,445
1234ABCD12386,146,246,346,446
1234ABCD12387,147,247,347,447
1234ABCD12388,148,248,348,448
1234ABCD12389,149,249,349,449
1234ABCD12390,150,250,350,450
1234ABCD12391,151,251,351,451
1234ABCD12392,152,252,352,452
1234ABCD12393,153,253,353,453
1234ABCD12394,154,254,354,454
1234ABCD12395,155,255,355,455
1234ABCD12396,156,256,356,456
1234ABCD12397,157,257,357,457
1234ABCD12398,158,258,358,458
1234ABCD12399,159,259,359,459
1234ABCD12400,160,260,360,460
1234ABCD12401,161,261,361,461
1234ABCD12402,162,262,362,462
1234ABCD12403,163,263,363,463
1234ABCD12404,164,264,364,464
1234ABCD12405,165,265,365,465
1234ABCD12406,166,266,366,466
1234ABCD12407,167,267,367,467
1234ABCD12408,168,268,368,468
1234ABCD12409,169,269,369,469
1234ABCD12410,170,270,370,470
1234ABCD12411,171,271,371,471
1234ABCD12412,172,272,372,472
1234ABCD12413,173,273,373,473
1234ABCD12414,174,274,374,474
1234ABCD12415,175,275,375,475
1234ABCD12416,176,276,376,476
1234ABCD12417,177,277,377,477
1234ABCD12418,178,278,378,478
1234ABCD12419,179,279,379,479
1234ABCD12420,180,280,380,480
1234ABCD12421,181,281,381,481
1234ABCD12422,182,282,382,482
1234ABCD12423,183,283,383,483
1234ABCD12424,184,284,384,484
1234ABCD12425,185,285,385,485
1234ABCD12426,186,286,386,486
1234ABCD12427,187,287,387,487
1234ABCD12428,188,288,388,488
1234ABCD12429,189,289,389,489
1234ABCD12430,190,290,390,490
1234ABCD12431,191,291,391,491
1234ABCD12432,192,292,392,492
1234ABCD12433,193,293,393,493
1234ABCD12434,194,294,394,494
1234ABCD12435,195,295,395,495
1234ABCD12436,196,296,396,496
1234ABCD12437,197,297,397,497
1234ABCD12438,198,298,398,498
1234ABCD12439,199,299,399,499
