158-3663-001;150423mot0001
158-3663-001;150423mot0001
158-3663-001;150423mot0001
158-3663-001;150423mot0001
158-3663-001;150423mot0001
158-3663-001;150423mot0001
158-3663-001;150423mot0001
158-3663-001;150423mot0001
158-3663-001;150423mot0001
158-3663-001;150423mot0001
158-3663-001;150423mot0001
158-3663-001;150423mot0001
158-3663-001;150423mot0001
158-3663-001;150423mot0001
158-3663-001;150423mot0001
158-3663-001;150423mot0001
158-3663-001;150423mot0001
158-3663-001;150423mot0001
158-3663-001;150423mot0001
158-3663-001;150423mot0001
158-3663-001;150423mot0001
158-3663-001;150423mot0001
158-3663-001;150423mot0001
158-3663-001;150423mot0001
158-3663-001;150423mot0001
158-3663-001;150423mot0001
158-3663-001;150423mot0001
158-3663-001;150423mot0001
158-3663-001;150423mot0001
158-3663-001;150423mot0001
158-3663-001;150423mot0001
158-3663-001;150423mot0001
158-3663-001;150423mot0001
158-3663-001;150423mot0001
158-3663-001;150423mot0001
158-3663-001;150423mot0001
158-3663-001;150423mot0001
158-3663-001;150423mot0001
158-3663-001;150423mot0001
158-3663-001;150423mot0001
158-3663-001;150423mot0001
158-3663-001;150423mot0001
158-3663-001;150423mot0001
158-3663-001;150423mot0001
158-3663-001;150423mot0001
158-3663-001;150423mot0001
158-3663-001;150423mot0001
158-3663-001;150423mot0001
158-3663-001;150423mot0001
158-3663-001;150423mot0001
158-3663-001;150423mot0001
158-3663-001;150423mot0001
158-3663-001;150423mot0001
158-3663-001;150423mot0001
158-3663-001;150423mot0001
158-3663-001;150423mot0001
